country,1997,1998,1999,2000,2001,2002,2003,2004,2005,2006,2007,2008,2009,2010,2011,2012,2013,2014,2015,2016,2017,2018
Aruba,,,,,,1.44,7.05,12.3,13.8,15.8,18.1,18.5,18.9,,,18.6,18.5,18.2,,,,
Afghanistan,,,,,,,0.00081,0.00086,0.00189,0.00184,0.0018,0.00352,0.00514,,0.00481,0.00465,0.00449,0.0205,0.0249,0.0253,0.043,0.0517
Angola,,,,,,,,,0.037,0.056,0.0735,0.0666,0.0642,0.0653,0.0817,0.0857,0.326,0.551,0.294,0.325,0.356,0.374
Albania,,,,,,,,0.00881,,0.33,2.13,3.09,3.58,4.38,5.49,6.29,7.18,8.4,9.23,10.5,12.6,15.1
Andorra,,,,,1.64,4.92,8.24,13.1,18,22.4,24.7,27.2,29,30.8,32.6,34.3,36.3,39.3,42,44.5,46.3,47.1
United Arab Emirates,,0.0124,0.063,0.254,0.478,0.817,1.38,2.82,4.54,6.16,7.86,8.72,9.2,9.69,10.4,11.3,11.8,13.3,13.9,29.1,31.4,31.2
Argentina,,,,0.252,0.393,0.68,1.41,2.38,4.03,6.55,7.77,8.67,9.85,11.1,12.3,14.8,15.3,15.9,16.7,17.9,19.1,19.6
Armenia,,,,0.0002,0.00026,0.00033,0.0333,0.0668,,0.133,0.475,1.38,3.25,5.58,7.35,8.39,9.37,9.79,10.2,10.7,11.8,13
Antigua and Barbuda,,,,,,,2.07,7.12,1.86,2.7,5.84,18.5,8.09,6.72,14.5,17.1,11.6,10.7,9.8,9.43,,
Australia,,,,0.64,1.33,2.63,5.09,9.99,19,,24.9,24,24.9,24.6,25,25.7,27.7,28.5,30.4,32.2,33.8,34.7
Austria,,0.632,2.36,3.96,5.54,7.35,10.6,14.2,17.3,19.5,20.7,22.4,24.4,24.8,25.1,26.1,27.4,28.3,28.8,28.5,28.4,28.1
Azerbaijan,,,,,0.0121,,,0.0256,0.0458,0.167,0.68,1.12,5.26,10.6,14.8,18.2,20,19.7,18.5,18.3,19,19.3
Burundi,,,,,,,,,,,0.00197,0.00191,0.00406,0.00555,0.00759,0.0161,0.0173,0.0273,0.0309,0.0362,0.0352,0.0338
Belgium,0.107,0.224,1.4,4.46,7.87,11.9,15.5,19.1,23.1,25.5,27.7,29,30.8,32.2,33.3,34.3,35.7,36.5,37.6,38.3,39.2,39.8
Benin,,,,,0.00029,0.00028,0.00105,0.00246,0.0182,0.0084,0.0969,0.213,0.294,0.397,0.429,0.425,0.442,0.693,0.205,0.256,0.235,0.212
Burkina Faso,,,,,0.00041,0.00115,0.00118,0.00286,0.0124,0.0472,0.0699,0.0789,0.0878,0.0874,0.0865,0.0759,0.0307,0.0517,0.0664,0.0644,0.07,0.0591
Bangladesh,,,,,,,,,,0.0306,0.0347,0.217,0.281,0.314,0.398,0.999,2,3.13,4.17,4.57,4.99,4.96
Bulgaria,,,,,,,0.0859,2.15,5.04,8.3,11.2,13.4,15.1,17,18.2,19.5,20.4,22.4,23.7,25.3,27,28.8
Bahrain,,,,0.169,0.677,1.25,1.8,2.41,4.03,6.59,8.4,11.8,12.5,22.8,22.7,22.8,21.5,18.4,16.3,13,8.05,8.59
Bahamas,,,,1.37,2.45,3.49,4.01,4.12,5.01,6.08,7.42,9.04,6.96,4.31,21.4,19.7,20.8,21.7,22.5,22.8,21.1,21.1
Bosnia and Herzegovina,,,0.00072,0.00181,0.00567,0.0399,0.176,0.364,1.06,2.25,5.02,7.82,10.5,11.8,13,14.6,15.6,18.5,19.6,20.9,21.6,22.6
Belarus,,,,,0.00021,0.00127,0.0078,0.0164,0.12,1.79,5.06,11.6,17.7,22.3,26.9,29.6,28.5,30.8,32.5,33.5,33.9,34
Belize,,,,,,0.349,1.02,1.77,2.49,2.5,2.62,2.65,2.76,2.94,2.95,2.86,2.8,4.82,4.99,5.06,6.44,7.58
Bermuda,,,,,,,,27.9,35.7,43.5,51.5,60.9,61.3,,,62.3,54.2,47.1,36,36.2,,
Bolivia,,,,,0.0381,0.0644,0.0962,0.141,0.187,0.355,0.816,0.973,0.955,0.72,1.12,1.46,1.61,1.66,2.61,3.39,4.44,6.49
Brazil,0.00059,0.00406,0.0572,0.187,0.407,0.531,1.72,1.74,2.53,4,5.22,6.05,7.2,9.03,9.59,10.6,11.8,12.5,13,13.9,14.9,15.6
Barbados,,,,,,9.96,10.8,11.6,14,16.9,17.6,20.4,19.9,22.1,23.6,23.8,27.3,27.4,30.4,31.2,31.2,37.2
Brunei,,,,0.558,0.795,1.09,1.74,2.23,2.42,3.1,4.45,5.22,5.58,5.89,4.97,6.81,7.38,8.3,8.6,9.68,11.5,12.5
Bhutan,,,,,,,,,,,0.307,0.498,1.27,1.91,2.39,2.88,3.47,3.83,2.24,2.24,1.43,1.15
Botswana,,,,,,,,0.0889,0.098,0.189,0.465,0.512,0.603,0.949,1.09,1.05,1.59,1.74,2.73,1.47,1.78,2.14
Central African Republic,,,,,,,,,,,,,,0.0183,0.0136,,,0.0413,0.0162,0.0135,0.013,0.0105
Canada,0.466,1.92,4.61,9.18,11.3,14.3,17,21.8,24.7,27.6,29.5,30.5,31.7,32.7,33.5,34.3,35.2,36.4,36.8,37.9,39,40.8
Switzerland,,,0.79,1.95,6.3,10.8,16.8,22.6,27.5,31.6,33.5,35.5,37.3,38.9,40.1,42.4,43.1,44.6,45.1,46.3,45.6,46.9
Chile,,,0.0501,0.43,1.2,2.22,2.99,4.38,6.19,7.88,8.54,9.8,10.5,11.7,12.4,13.1,14,15.1,16,16.6,17.4,18.1
China,,,0.00176,0.0259,0.252,0.853,1.88,2.81,3.8,4.93,6.12,7.64,9.23,11.4,12.7,13.6,14.3,19.7,22.8,27.7,28.5,31.3
Cote d'Ivoire,,,,,,0.00235,0.0046,0.00675,0.0533,0.0522,0.051,0.0498,,,0.214,0.255,0.56,0.472,0.572,0.584,0.702,0.843
Cameroon,,,,,,,,0.00114,0.00231,0.00342,0.00447,0.00455,0.0293,0.0512,0.0644,0.0766,0.0742,0.0878,1.52,1.56,1.57,1.55
"Congo, Dem. Rep.",,,,,,,,,,,,,0,,,0.00063,0.00068,0.00131,0.00127,0.00123,0.0055,0.0137
"Congo, Rep.",,,,,,,,,,,,0.00302,0.00585,0.0298,0.0309,0.00947,0.0106,,,,,
Colombia,,,0.0224,0.0344,0.0853,0.155,0.302,0.747,1.45,2.76,4,4.73,5.84,7.33,8.55,9.76,10.7,11.6,12.3,12.9,13.4,13.8
Comoros,,,,,,,0.00017,0.00065,,0.0128,0.0167,0.0098,0.0477,0.0566,0.17,0.175,0.208,0.206,0.205,0.202,0.184,0.139
Cape Verde,,,,,,,0.062,0.202,0.387,0.807,1.53,2.25,3.26,4.28,3.93,4.14,3.68,3.16,2.93,2.79,2.88,3.47
Costa Rica,,,,,0.219,0.357,0.661,1.05,1.92,2.16,2.46,4.04,8.66,9.06,9.57,10.2,10.8,11.5,13,15,16.7,17.9
Cuba,,,,,,,,,,0.0173,0.02,0.0257,0.033,0.0393,0.0445,0.0475,0.0689,0.072,0.127,0.296,0.872,1.61
Cayman Islands,,,,,,,,,,,32.6,33.1,33.3,32.5,32.8,33.9,38.6,44.4,39.2,49.3,,
Cyprus,,,,0.354,0.824,1.39,2.33,4.28,8.32,12.6,18.5,21.5,23.2,24.6,25.5,26.7,28.8,30.7,32.6,34.2,36.3,37.8
Czech Republic,,,0.0243,0.0604,0.149,0.339,2.3,6.91,10.8,14.5,16.9,19.4,21.5,23.7,25.1,27,28.3,27.8,28.9,29.6,30.2,35
Germany,,,0.326,2.58,3.93,5.48,8.57,13.2,18.4,24.3,28,30.9,32.4,33.7,34.5,35.3,36.3,37.5,38.8,40.2,41.1,42
Djibouti,,,0.00056,0.00068,0.0008,,,0.00536,0.0191,0.136,0.3,0.638,0.959,1.32,1.72,2,2.24,2.64,2.61,2.58,2.66,2.51
Dominica,,,0.115,0.251,3.2,3.78,4.62,4.82,6.08,7.06,9.88,10.3,11.7,11.7,12,15,15.2,21.3,21.7,21.6,16.1,
Denmark,,,1.25,4.44,8.4,13.3,18.8,24.8,31.9,34.8,36.5,36.6,38,38.4,38.8,40.3,41.3,42.3,43.1,43.8,44.1,43.9
Dominican Republic,,,,,,0.169,0.415,0.667,1.12,1.86,2.53,3.3,4.03,4.32,4.87,5.24,5.9,6.67,7.32,7.81,8.26,8.86
Algeria,,,,,,0.0558,0.11,0.407,0.505,0.84,1.4,2.32,2.5,2.68,3.09,3.36,4.11,5.71,7.05,7.76,7.26,8.32
Ecuador,,,,0.0203,0.0495,0.0517,0.0855,0.194,0.327,0.699,1.07,1.63,1.47,4.32,5.45,6.74,8.27,9.18,9.76,10.6,11.4,12
Egypt,,,,,0.0713,0.0753,0.107,0.187,0.336,0.61,0.967,1.33,1.75,2.18,2.65,3.03,3.39,4.14,4.73,5.43,6.73,7.57
Eritrea,,,,,,,,,,,0.00144,0.00224,0.00372,0.00439,0.00569,0.00445,0.00604,0.015,0.0178,0.0293,,
Spain,,,0.187,1.13,2.98,4.98,7.85,11.4,15.1,17.7,19.8,21,22.7,23.7,24.5,26.1,27.8,29,30.3,31.4,32.5,33.4
Estonia,,,,1.26,3.36,6.58,10.2,13.2,18.3,19.7,22,23.5,26.1,26.3,26.4,27.4,28.2,29.7,31.5,32.5,33.3,32.5
Ethiopia,,,,,,,,,0.00033,0.00128,0.0018,0.0041,0.00469,0.00705,0.0092,0.25,0.48,0.474,0.54,0.0592,,
Finland,,,0.675,2.58,5.25,9.4,15.3,22.3,27.1,30.5,30.4,29.3,29.1,29.8,30.4,31.6,32.2,31.6,31.1,31,31.5,32.5
Fiji,,,,,,,,0.852,1.03,1.38,1.54,1.5,2.7,2.69,1.56,1.26,1.43,1.47,1.41,1.38,1.48,
France,0.023,0.0937,0.333,1.01,2.77,5.92,10.8,15.5,20.7,25.5,28.7,31.7,33.9,36,37.7,39,40.5,41.7,42.8,43.9,44.8,45.7
Faeroe Islands,,,,0.115,0.241,0.831,6.58,12.3,27.5,30.2,31.1,33.2,33.8,33.6,34.1,34.9,36.2,37,37.3,37.3,37.5,
"Micronesia, Fed. Sts.",,,,,,0.00561,0.0244,0.0433,0.0902,0.111,,,0.97,,,1.95,2.88,3.01,2.88,3.39,,
Gabon,,,,,,0.0129,0.048,0.11,0.123,0.135,0.145,0.236,0.251,0.267,0.286,0.49,0.573,0.569,0.748,0.725,1.37,1.03
United Kingdom,,,0.0898,0.56,2.29,5.23,10.2,16.4,21.4,25.4,27.9,28.5,30.2,32.2,33.6,35.5,36.3,37.4,38.4,39,39.6,39.7
Georgia,,,,0.01,0.0216,0.0333,0.045,0.0568,0.644,1.12,2.71,3.64,4.45,6.09,11.4,12.8,14.9,15.8,17,19.5,21.5,23.6
Ghana,,,,,,,0.00423,0.00873,0.057,0.0705,0.0975,0.117,0.21,0.257,0.262,0.259,0.258,0.263,0.304,0.195,0.206,0.192
Gibraltar,,,,,,,,,,,,27.7,31.1,33.6,35.6,,38.5,46.2,48.6,51.5,56.3,57.9
Guinea,,,,,,,,,,,,,0.00491,0.00576,0.00657,0.00734,0.00807,0.00875,0.00937,0.00934,0.00977,0.00979
Gambia,,,,,,,0.00241,0.0046,,0.0164,0.0178,0.0172,0.0195,0.0237,0.0262,0.0223,0.136,0.171,0.174,0.181,0.194,
Guinea-Bissau,,,,,,,,,,,,,0.0525,0.064,0.075,0.0881,0.0824,0.0605,0.0497,0.0467,0.0642,0.0639
Equatorial Guinea,,,,,,,,0.024,0.0229,0.0219,0.0209,0.02,0.126,0.136,0.144,0.327,0.346,0.325,0.278,0.15,0.124,
Greece,,,,,,0.0934,0.458,1.43,4.36,9.15,13.6,17.5,20.7,22.8,24.9,27.1,29.5,32.3,34.1,35.7,37.7,39.6
Grenada,,,,,0.543,,0.584,3.08,5.28,7.23,8.49,11.7,13.6,13.7,14.9,16.6,17.3,18,18.9,20.1,24.2,22.8
Greenland,,,,,,0.21,5.84,12.5,16.2,18.5,21.1,22.1,21.9,21,20.2,19.1,18.4,17.7,,21.3,23.3,25.4
Guatemala,,,,,,,,0.207,0.291,0.416,0.675,1.09,1.77,,1.84,2.26,2.72,2.83,3.05,3.14,,
Guam,,,,1.12,,,,,,1.7,1.7,1.88,1.88,,,1.87,1.86,,,,,
Guyana,,,,,,,,0.268,,0.316,0.681,0.913,1.49,2.73,3.97,4.86,5.92,7,7.42,8.37,,
"Hong Kong, China",0.171,1.33,6.73,10.7,15.5,18.9,22.5,24.5,26.4,27.8,28.1,29.7,31.1,32.8,32,31.5,32,32.7,36.3,36.4,36.8,37.7
Honduras,,,,,,,,,,,,,0.012,0.676,0.709,0.784,1.76,2.17,2.38,2.53,3.7,4.01
Croatia,,,,,,0.0775,0.598,2.65,5.76,8.87,12.1,16.5,19.4,20.7,21.4,22.3,23.1,23.3,24.8,26.2,27.1,28
Haiti,,,,,,,,,,,,,,,0,0,0,0.0126,0.0124,0.272,0.28,0.276
Hungary,,,0.0333,0.308,1.1,2.61,4.06,6.46,11.9,14.5,17.7,19.8,21.8,23.4,24.3,26.4,26.3,27.8,28.9,30.4,31.7,32.9
Indonesia,,,0.00189,0.007,0.0176,0.028,0.038,0.0478,0.0848,0.335,0.417,0.781,0.943,1.12,1.2,1.29,1.33,1.54,2,2.35,3.32,3.8
India,,,,0.00465,0.00754,0.0126,0.0208,0.117,0.197,0.265,0.44,0.636,0.89,1.07,1.18,1.17,1.22,1.29,1.41,1.33,1.34,1.4
Ireland,,,,,0.271,1.05,3.75,7.79,13.3,17.5,20.2,21.7,22.4,23.3,24.1,25.8,27.2,28.1,29,29.4,29.7,30
Iran,,,0.00027,0.00099,0.024,0.0274,,,0.142,0.28,0.416,0.549,1.34,2.84,5.04,6.75,7.93,8.42,9.56,10.7,12.7,10.6
Iraq,,,,,,,,,,0.00035,0.00019,0.00042,0.0105,,,,,,,11.4,11.7,11.6
Iceland,,0.0291,0.841,3.68,8.51,14.4,19.2,26.4,29.3,32.8,34.1,33.9,34.1,34.5,34.8,35.9,36.4,37.7,38.5,40.3,41,41.1
Israel,,,,0.724,3.76,10.1,15.3,18.8,21.3,22.3,24,24,24,25.1,25.4,25.9,27.1,27.2,27.8,28.4,29.1,29.1
Italy,,,0.203,0.686,1.49,3.91,8.15,11.7,14.5,17.2,19.1,20.4,22.1,22.7,23,23.3,23.8,24.6,25.7,27.3,28.1,28.9
Jamaica,,,,0.121,0.334,0.332,0.991,1.64,2.48,3.35,3.5,4.01,4.15,4.19,4.33,4.93,5.27,7.92,9.84,8.19,9.7,10.8
Jordan,,,,0.00784,0.0597,0.0919,0.187,0.408,0.812,1.42,2.22,3.45,4.04,3.87,3.71,3.85,3.94,3.34,3.11,3.39,4.01,4.53
Japan,0.0252,0.17,0.67,3,7.35,11.6,15.3,18.2,20.6,22,23.4,25.6,26.5,27.8,28.1,28.8,29.5,30.4,31.2,31.8,32.6,33.5
Kazakhstan,,,,,,0.00661,0.0131,0.0194,0.196,1.72,2.13,3.6,5.35,7.24,9.77,11.5,12.4,13.1,13.2,14.2,13.4,13.5
Kenya,,,,,,,,0.0147,0.0471,0.0458,0.00825,0.0445,0.0163,0.125,0.123,0.163,0.218,0.282,0.271,0.574,0.723,0.934
Kyrgyz Republic,,,,,0.00072,0.00277,0.0378,0.0452,0.0539,0.0601,0.362,0.325,0.425,0.708,0.972,2.38,2.92,3.55,3.97,4.17,3.98,4.19
Cambodia,,,,,0.0004,0.00326,0.00597,0.00753,0.0215,0.0618,0.12,0.213,0.249,0.151,0.201,0.217,0.433,0.538,0.619,0.835,1.02,1.12
Kiribati,,,,,,,,0.349,0.426,0.522,0.694,0.758,0.822,0.812,0.752,0.649,0.457,0.105,0.0978,0.0972,0.0751,0.0893
St. Kitts and Nevis,,,,,1.11,4.37,9.5,13.9,18.6,20.1,23,26.7,29.8,25.5,26.1,26.4,27.6,32,27.5,56.2,55.8,
South Korea,0.03,0.591,8.17,16.4,21.7,23.2,24.6,25,28.7,30,31.5,33.1,34.7,35.9,36.5,37.2,37.9,39.4,40.3,41.5,41.6,42.8
Kuwait,,,,0.238,0.491,0.601,0.909,1.1,1.26,1.4,1.51,1.6,1.54,1.48,1.4,1.33,1.3,1.43,2.56,2.9,2.51,2.01
Lao,,,,,,0.00045,0.00088,0.00546,0.0127,0.0191,0.0479,0.0702,0.0942,0.103,0.118,0.138,0.243,0.216,0.357,0.391,0.643,1.06
Lebanon,,,,,0,0,0,0,0,1.05,2.1,4.09,6.68,7.73,8.6,8.12,18.1,,,,,6.13
Liberia,,,,,,,,,,,0.00305,0.004,0.00478,0.00157,0.0127,0.12,0.138,0.157,0.174,0.191,,
Libya,,,,,,,,,,,0.763,1.03,1.17,1.12,1.07,1.02,0.987,0.95,2.6,4.83,,
St. Lucia,,,,,,0.872,2.35,4.28,4.34,6.61,9.13,10.8,11.8,12.2,13.9,13.9,15.8,15.9,16.5,17.6,17.7,
Liechtenstein,,,,,4.24,4.39,13.8,24.8,28.6,40.3,43.8,44.7,42.4,37.5,39.4,40.7,41.9,41.9,42.3,43,44.1,45.2
Sri Lanka,,,,0.00173,0.00311,0.0178,0.105,0.107,0.116,0.319,0.51,0.843,1.13,1.76,1.72,2.05,2.73,2.99,4.24,5.78,7.27,7.81
Lesotho,,,,,,,0.0011,0.00225,,0.00554,0.00705,0.0201,0.02,0.0668,0.0812,0.112,0.0735,0.1,0.107,0.231,0.273,0.298
Lithuania,,,,0.0699,0.581,1.96,3.82,7,11.2,17.2,18.4,20,21.7,23.6,25.2,27.8,27,28.4,29.7,28.1,28.2,28.7
Luxembourg,,,,0.276,1.31,3.43,8.08,15.3,21.2,27.1,29.5,31.4,33.2,32.7,32,32.5,33.7,34.5,35.1,36.3,37.1,37.4
Latvia,,,0.0119,0.137,0.429,0.847,2.16,2.7,4.93,15.4,19,21.2,20.5,21.8,23,24.3,25,25.2,26.3,27,27.3,26.7
"Macao, China",,,0.872,2.24,3.78,6.04,9.59,14.1,18.7,21.9,23.6,24,24.5,25,25.6,26.3,27.4,28.2,29,29.9,30.6,
Morocco,,,,,0.00679,0.00911,0.215,0.818,1.27,1.53,1.56,1.5,1.56,1.82,2.07,2.5,2.91,3.31,3.57,3.88,4.31,4.8
Monaco,,,2.49,8.19,14.9,19.7,22.7,28.1,32.2,35.6,37.3,38,38.8,44.2,44.6,45.8,47.7,48.7,48.9,50.2,51.2,52.6
Moldova,,,,0.00571,0.01,0.0143,0.0583,0.25,0.526,1.28,2.8,4.58,6.63,8.74,10.3,11.5,12.5,13.1,13.7,14.4,15.4,16.6
Madagascar,,,,,,,,,0.00721,0.0121,0.0174,0.0222,0.0255,0.0315,0.139,0.165,0.105,0.0978,0.106,0.098,0.104,
Maldives,,,,,0.0646,0.166,0.23,1.02,1.92,3.1,4.47,4.35,4.25,4.64,4.55,4.9,4.56,5.09,6.16,7.36,9.24,9.98
Mexico,,,0.0152,0.0498,0.228,0.416,1.01,1.81,2.81,4.13,6.8,8.57,9.28,10,11.2,10.7,10.8,12.1,12.9,13.6,14.5,15.2
Marshall Islands,,,,,,,,,,,,,,,,2.26,2.4,1.74,1.73,1.72,,
North Macedonia,,,,,,,,0.604,1.77,4.87,8.76,11.3,12.5,13.6,15.1,16.3,17,17.5,18.3,19,20.5,21.8
Mali,,,,,,,,,0.0234,0.0234,0.0374,0.0565,0.0533,0.0547,0.027,0.0177,,0.0201,0.119,0.0832,0.634,0.725
Malta,,,0.421,2.31,4.43,5.67,9.34,12.7,13,20.6,24,27.6,30.4,30.8,32.2,33.6,35.2,37.6,39.3,41.4,43.7,46
Myanmar,,,,,,,,0.0005,0.00803,0.013,0.02,0.0462,0.0454,0.043,,,,0.0625,0.169,0.209,0.24,
Montenegro,,,,,,,,1.24,,2.88,6.4,9.52,10.4,10.3,14,15.3,16.6,17.9,18.3,21.9,25.3,28.5
Mongolia,,,,0.00203,0.00368,0.0203,0.036,0.0712,0.137,0.285,1.23,1.5,2.82,3.39,3.9,4.85,6.71,6.94,7.4,9.16,9.66,9.84
Mozambique,,,,,,,,,0.0104,0.0294,0.05,0.06,0.0736,0.117,0.118,0.113,0.141,0.157,0.167,0.215,0.238,0.23
Mauritania,,,,,,,,0.00542,0.0313,0.125,0.178,0.2,0.166,0.17,0.181,0.197,0.204,0.238,0.268,0.295,0.3,0.239
Mauritius,,,,,0.0237,0.0979,0.211,0.442,2.27,2.85,4.24,5.86,7.53,9.45,11.2,12.9,14.5,15.7,16.8,19.5,21.7,24.2
Malawi,,,,,,0.00057,0.00112,0.0032,,0.007,0.00718,0.00732,0.00746,0.0116,0.00804,0.0554,0.0526,0.035,0.0505,0.0612,0.0626,0.061
Malaysia,,,,0.0169,0.0797,0.447,1,1.88,2.87,3.87,4.88,5.6,7.44,8.75,10,9.97,10.2,10.1,8.86,8.64,8.55,9.28
Namibia,,,,,,,,0.00691,0.01,0.0128,0.0157,0.0229,0.445,0.817,1.1,1.6,1.81,3.04,2.73,2.74,2.53,2.54
New Caledonia,,,,0.0596,0.31,0.728,2.21,4.06,6.5,8.35,10.3,13.2,15.1,16.6,18.4,20.3,21.8,20.4,,,,
Niger,,,,,,,0.00059,0.00156,0.00245,0.00328,0.00405,0.00631,0.00911,0.0123,0.0206,0.0346,0.156,0.136,0.0371,0.04,,
Nigeria,,,,,,,,0.00036,,0.0366,0.0451,0.0531,0.0625,,0.00854,0.00876,0.00892,0.00866,0.058,0.0581,0.0378,0.0415
Nicaragua,,,0.0138,0.0312,0.0444,0.0832,0.0932,0.194,0.345,0.493,0.762,1.37,1.26,1.44,1.69,2.17,1.81,1.87,2.81,3.29,2.98,3.32
Netherlands,0.479,,1.63,2.91,7.27,12.3,19.7,25.1,31.6,33.4,35,36.9,37.9,38.8,39.6,40.3,40.6,41.5,42.5,42.8,43.4,43.6
Curaçao,,,,,,,,,,,,,,20.9,23,23.6,24.4,25,26.5,30.5,31.8,32.6
Norway,,,0.518,1.96,4.52,8.73,14.6,21.4,26.6,30.9,33.1,34.6,35.3,36.1,37.1,37.6,38.4,39.4,40.1,40.9,41.3,42
Nepal,,,,,,,,,0.00369,0.0415,0.045,0.0635,0.223,0.35,0.854,1.16,0.931,1.12,0.822,1.82,2.82,
Nauru,,,,,,,,,,,,,9.5,,,,,,,,,
New Zealand,,,0.121,0.442,1.1,2.06,4.7,7.76,11.2,20.2,21.4,23.6,25,26.7,28.5,29.1,30.9,31.4,32.8,33.7,34.7,
Oman,,,,,0.00415,0.0057,0.0273,0.527,0.777,0.759,1.18,1.43,1.93,2.41,3.24,4.1,4.4,5.47,6.35,7.48,9.17,10.2
Pakistan,,,,,,,,0.00911,0.0162,0.0269,0.0979,0.223,0.44,0.636,0.81,0.851,1.03,0.899,0.807,0.88,0.854,0.813
Panama,,,,0.252,0.389,0.469,0.512,0.527,3.32,4.35,5.58,6.55,7.09,7.63,7.82,8.01,7.95,7.97,10.6,10.7,12.9,12.3
Peru,,0.00029,0.00407,,0.138,0.343,0.824,1.27,1.73,2.01,2.54,2.87,3.21,4.14,4.89,5.42,5.87,6.56,6.86,7.35,7.93,
Philippines,,,,0.0126,0.0258,0.0662,0.105,0.142,0.302,0.555,1.15,1.86,,1.87,2.21,2.6,2.89,2.84,2.88,3.23,3.55,5.48
Palau,,,,,,,0.372,0.506,0.496,0.527,0.593,0.777,1.33,2.92,5.09,10.3,6.3,6.93,,,,
Papua New Guinea,,,,,,,,,,,0.0428,0.0623,0.0834,0.1,0.121,0.145,0.166,0.185,0.206,0.213,,
Poland,,,,0.0311,0.316,0.509,2.28,2.46,7.59,10.9,11.6,14.6,15.3,18.2,18,18.4,19,19.1,19.3,20.1,20.7,20.5
Puerto Rico,,,,0.0661,0.62,1.49,2.37,3.26,4.15,5.04,11.8,13.4,15.4,15.7,16.2,17.2,17.7,20.8,20.9,20.9,20,20.8
Portugal,,0.0029,0.244,0.96,2.51,4.81,8.01,11.1,13.5,14.4,15.4,18,20.1,21.2,22.7,24.5,27.4,30.3,32.7,34.7,36.9,38.8
Paraguay,,,0.00282,0.00553,0.00904,0.00888,0.0532,0.0961,0.101,0.143,0.21,1.26,1.43,1.9,2.12,2.41,2.81,3.22,3.64,4.23,4.61,5.36
Palestine,,,,,,,0.00051,0.209,0.742,1.48,,,,3.76,4.39,4.92,5.31,6.06,6.92,7.58,7.49,7.32
French Polynesia,,,,0.0102,0.0129,0.374,1.78,4.25,6.99,8.98,10.5,11.3,12.1,13.4,14.9,16.6,18.3,19,20.2,20.9,21.5,
Qatar,,,,,0.0356,0.439,1.45,2.96,4.57,7.2,7.39,8.75,7.85,8.09,8.43,9.22,9.17,9.27,9.56,9.42,9.63,10.1
Romania,,,,0.0273,0.0723,0.903,0.483,1.76,5.13,9.28,12.1,13.6,14.7,16.1,17.5,18.8,20,21.4,22.5,24.2,26.1,27.3
Russia,,,,,0.00757,0.237,0.468,1.11,2.02,3.42,6.48,9,10.9,12.3,14.5,16.5,17.2,18.5,18.9,21.4,22,22.5
Rwanda,,,,,,,0.0132,0.0134,0.0188,0.0274,0.0118,0.0226,0.0393,0.084,0.0521,0.0257,0.0263,0.186,0.186,0.182,0.061,0.0704
Saudi Arabia,,,,0.066,0.16,0.205,0.297,0.285,0.891,2.47,4.05,5.4,6.24,6.9,8.71,,,20,19.7,20.1,20.2,19.8
Sudan,,,,,,,0.00212,0.0033,0.00522,0.104,0.107,,0.0391,0.0493,0.0685,0.0693,0.0544,0.0722,0.0662,0.0748,0.075,0.0765
Senegal,,,,,0.0117,0.0226,0.0709,0.163,0.254,0.326,0.395,0.476,0.62,0.711,0.713,0.774,0.729,0.69,0.656,0.725,0.819,0.933
Singapore,0.259,0.759,1.71,3.7,6.58,10.1,13.1,15.4,17.9,20.2,22.4,24.8,26.1,26.8,26.7,27.4,26.7,26.6,28.2,25.9,25.9,25.9
Solomon Islands,,,,,,,0.0436,0.0958,0.135,0.203,0.298,0.388,0.478,0.449,0.383,0.33,0.227,0.235,0.265,0.183,0.228,0.156
El Salvador,,,,,,0.327,0.487,0.699,1.01,1.47,2.01,2.43,2.83,3.32,3.88,4.54,5.07,5.58,6.22,7.06,7.67,
San Marino,,,,,,2.1,3.72,4.16,4.98,5.32,16.1,17.7,19.2,20.7,30.8,31.4,35.5,35,35.8,31.2,32.1,32.7
Somalia,,,,,,,,,,,,,,,0.315,0.459,0.521,0.594,0.649,0.672,,
Serbia,,,,,,,,0.364,1.33,3.58,5.05,6.55,9.56,10.8,11.9,13.2,13.4,14.9,16.4,16.8,17.6,18.5
South Sudan,,,,,,,,,,,,,,,0.00017,0.00097,0.00095,0.0014,0.00138,0.00183,0.00182,0.00181
Sao Tome and Principe,,,,,,,,,0.0773,0.185,0.201,0.252,0.324,0.399,0.413,0.509,0.562,0.659,0.701,0.714,0.738,0.764
Suriname,,,,,0.0195,0.0443,0.0851,0.222,0.526,0.823,1.11,1.73,2.86,4.33,5.41,6.78,8.39,9.42,12.6,12.5,12.7,13.8
Slovak Republic,,,,,0.0756,0.416,1.46,3.36,5.64,10.1,11.2,14.3,16.2,17.6,19.3,20.5,21.9,23.4,24.6,25.8,27.7,29
Slovenia,,,,0.277,2.85,2.92,5.78,9.86,14,17.1,21,22.1,23,24.1,24.8,25.4,26.9,27.5,28.4,29,29.5,30.2
Sweden,,,2.8,6.6,9.42,12.2,15.7,27.9,27.4,30.3,31.4,31.6,31.9,32,32.2,32.7,33.9,35.8,37.4,38.9,39.5,40.2
Eswatini,,,,,,,,,,,0.0735,0.142,0.344,0.748,0.318,0.386,0.466,0.543,0.628,0.711,,
Seychelles,,,,,,,0.399,1.07,2.76,3.88,3.78,5.02,7.44,10.2,11.4,13.3,12.6,14.1,14.7,15.8,20.3,27.6
Syria,,,,,,,0.00337,0.0147,0.0274,0.035,0.0535,0.163,0.327,0.575,1.18,1.77,2.68,4.05,5.78,8.32,7.84,8.73
Chad,,,,,,,,,,,,0.00257,0.00277,0.128,0.152,0.111,0.0741,0.0803,0.0352,0.0022,0.00216,0.00043
Togo,,,,,,,,,,0.0203,0.0314,0.0667,0.424,0.516,0.613,0.0994,0.177,0.902,0.649,0.657,0.332,0.395
Thailand,,,,0.00254,,0.018,0.254,0.849,1.36,1.95,3.12,3.92,4.84,5.77,6.66,7.62,7.95,9.07,10.5,11.9,13.2,14.5
Tajikistan,,,,,,0.00015,,,,0.0516,0.0507,0.0597,0.0624,0.0652,0.0686,0.072,0.0739,0.071,0.0693,0.0676,,
Turkmenistan,,,,,,,,,,,0.00152,0.00929,0.0142,0.0213,0.0266,0.0335,0.0421,0.0539,0.0706,0.0868,,
Timor-Leste,,,,,,0.00095,0.00134,0.00221,0.00285,0.00482,0.00673,0.0438,0.0457,0.0494,0.053,0.0607,0.0875,0.0859,0.0543,0.0528,0.0476,0.0464
Tonga,,,,,0.0111,0.0221,0.333,0.639,0.622,0.76,0.697,0.963,1.06,1.26,1.46,1.67,1.78,2.44,2.97,2.94,2.44,3.54
Trinidad and Tobago,,,,,0.0138,0.0689,0.328,0.833,1.58,2.71,6.5,9.85,12.3,12.9,15,15.7,18.2,20.3,18.6,23.6,24.6,24.3
Tunisia,,,,,0.00026,0.0026,0.0283,0.174,0.43,0.931,2.18,3.54,4.53,5.21,4.86,4.75,5.13,5.13,5.66,7.01,8.77,10.2
Turkey,,,,0.017,0.0326,0.302,0.862,2.34,4.03,6.83,8.18,9.04,9.81,10.3,10.5,11.7,11.5,12.1,13.2,14.7,16.3,17.1
Tuvalu,,,,,,,0.507,1.5,2.47,2.64,2.81,0.959,2.28,4.23,4.19,4.14,4.1,4.05,4.01,3.96,,
Tanzania,,,,,,,,0.00673,0.00758,0.00834,0.0153,0.0161,0.017,0.0619,0.0878,0.116,0.169,0.206,0.6,1.4,1.53,1.79
Uganda,,,,,,,,0.00307,0.00423,0.00631,0.0158,0.0191,0.0432,0.106,0.111,0.116,0.15,0.211,0.232,,,
Ukraine,,,,,,,,0.277,1.12,1.72,3.46,4.15,6.45,6.96,8.04,8.86,9.31,11.6,12,12.4,12.8,16.2
Uruguay,,,,,,,0.813,1.46,3.21,4.95,7.32,9.48,11.4,14,17.2,21.7,24.7,26.4,26.9,27.7,28.3,29.2
United States,0.257,0.989,2.51,4.49,6.92,9.57,12.8,17.3,20.2,23.9,25.4,26.1,27.4,28.3,29.5,30.4,30.7,31.9,32.7,33.3,33.9,34.7
Uzbekistan,,,,,,0.0107,0.0211,0.0313,0.0322,0.0705,0.239,0.316,0.414,0.51,0.749,1.02,2.7,5.78,8.73,10.4,12.7,13.9
St. Vincent and the Grenadines,,,,0.0751,1,1.06,1.22,3.36,5.17,7.35,8.64,10.6,11.5,12.2,12.6,13.4,13.5,15.5,20,17.5,22.3,20.3
Venezuela,,,0.0185,0.149,0.311,0.458,0.809,1.35,2,3.15,4.04,5,5.88,6.29,6.94,7.5,7.99,8.61,8.76,8.87,9.02,8.98
British Virgin Islands,,,,,,,,,,,,28.4,24.7,25.8,26,21.4,22.1,22.8,21.2,16.9,15.8,
Virgin Islands (U.S.),,,,,,,1.37,2.75,,5.54,6.95,8.46,8.58,,,8.64,8.66,8.57,,,,
Vietnam,,,,,0.00132,0.0112,0.0635,0.251,0.61,1.52,2.38,3.69,4.17,4.32,5.32,5.68,6.54,8.26,9.72,11.9,13.6,15.3
Vanuatu,,,,,,0.00754,0.0113,0.0282,0.0443,0.0592,0.089,0.217,0.212,0.139,0.124,0.121,1.73,1.58,1.58,,,2.63
Samoa,,,,,,,0.0179,0.0362,0.0542,0.0714,0.0873,0.108,0.108,,0.573,0.649,1.05,1.08,1.11,0.866,,
Yemen,,,,,,,,0.00745,0.0134,0.0517,0.119,0.24,0.363,0.458,0.684,1.02,1.32,1.49,1.02,1.33,1.36,
South Africa,,,,,0.00578,0.0435,0.127,0.345,0.691,0.77,0.856,0.953,1.45,1.74,2.1,3.01,3.13,2.54,2.05,1.97,1.92,2.14
Zambia,,,0.0002,0.00029,0.00044,0.00081,0.00216,0.00211,0.0192,0.032,0.0444,0.081,0.0755,0.117,0.104,0.0901,0.133,0.147,0.194,0.213,0.416,0.498
Zimbabwe,,,,0.00647,0.0238,0.0533,0.0746,0.0843,0.0839,0.124,0.145,0.376,0.26,0.264,0.548,0.778,1.12,1.19,1.22,1.32,1.41,1.4
