country,1969,1970,1971,1972,1973,1974,1975,1976,1977,1978,1979,1980,1981,1982,1983,1984,1985,1986,1987,1988,1989,1990,1991,1992,1993,1994,1995,1996,1997,1998,1999,2000,2001,2002,2003,2004,2005,2006,2007,2008,2009,2010,2011,2012,2013,2014,2015,2016,2017,2018,2019
Aruba,,,,,,,,,,,,,,,,,,,,,,,,,,,,,,102,97.1,94.4,94.8,90.2,90.6,88.2,93.2,95.6,95.1,96.2,94.8,,,96.6,101,,,,,,
Afghanistan,,,,,16.7,,,17.9,19.7,,26.4,32.7,,,17.9,18.6,,,,,,,,27.6,,,,,,,,,,,,,,,,,,,,,,,80.5,84.4,85.6,,
Angola,,,,,,,,,,,,42.9,37.2,,,,,,,,,29.2,,,,,,,,,,,,,,,,,39.2,38.8,39.8,46.2,,,,,,,,,
Albania,,,,,,,,,,,,,,,,,,,,,,,,,,,91.6,,,,96.6,96.4,,94.4,93.4,,,96.2,92.4,91.1,88.8,93,98.7,89.5,101,98.9,99.9,102,102,103,
United Arab Emirates,,,,,39.5,41.7,49.5,56.8,60.7,65.7,68.1,72.3,81.9,81.3,78.2,74.3,75.9,76.4,74.7,82.2,91.1,97.5,95.9,93.3,92,89.9,85.8,87.8,85.3,83.8,80.3,76.6,80.7,,,,,97.5,,,,,93.9,95.7,99.1,104,,,,,
Argentina,71,71.8,,,75.6,78.9,78.6,,,,,,,,,,,,,,,,,,98.6,,93,91.5,99.2,97.2,97.3,96.8,101,98.2,96.6,94.6,97.1,99.9,103,103,104,104,103,102,103,103,104,100,,,
Armenia,,,,,,,,,,,,,,,,,,,,,,,,,108,,,93.9,,,,,93.7,89.3,100,92.7,93.8,102,106,,94.5,93.8,93.9,,96.7,94.6,90.8,92,89.9,93.1,
Antigua and Barbuda,,,,,,78.6,80,,,,,,,,,,,,,,,,85.9,,,,,,,,,,,,,,,,111,101,107,104,,,111,92.6,,98.2,96.2,,
Austria,,95,96.9,97.1,,,,,,,,,,,,,,,,,,,,,,,,,101,101,,,100,,98.7,,,,,,,96.8,96.7,97.6,98.7,100,99.7,99.5,99.8,,
Azerbaijan,,,,,,,,,,,,,,,,,,,,,,,,99.4,94,91.5,82.4,99.5,95.4,92.2,89.5,95.2,97.6,92.7,95.6,93.4,91.6,98.1,90.7,91.8,89.5,92.8,92,88.1,98.1,103,111,107,100,100,
Burundi,,5.74,,10.7,10.9,11.6,10.8,11.1,11.2,11.3,11.5,11.8,14.1,19.2,26.3,27.4,28.4,28.1,38.9,33.1,41.1,45.7,48.8,52,,,,,,,24.4,24.8,25.2,29.6,31.8,33.9,,38.7,41.7,48.4,51.5,56.4,63,70.7,69.6,64.5,67.7,68.4,63,59.4,
Belgium,,,,,68,69.6,70.5,72.4,74.5,68,68,74.2,76.8,71.7,75.1,73.3,72.1,71.4,73.1,,,79.3,,,,,,,,,,,,,,,,,,,,,,,,,,,,,
Benin,,18.2,21.3,21.7,20.6,25.2,25.1,24.5,26.7,28,29.9,31.1,33.6,36.4,29.8,33.7,30.8,29.7,27.3,27,18.8,21.4,21.7,23.8,25.7,30.3,32.4,34.8,37.5,,37.8,41.7,43.8,48.1,51.9,,,,63.7,,66.7,71.7,73,78.6,79.5,81.1,80.7,,,64.4,
Burkina Faso,,7.2,6.79,7.04,6.8,7.63,7.55,8.56,8.74,9.56,9.32,10.3,10.5,11.3,12.3,13.9,,15.8,16.9,16.6,19.5,20,26.7,26.2,27.1,18.6,22.6,,,23.5,25.4,26.7,27.5,29.1,30.4,31.7,32.8,35,38.9,43.9,47.1,,57.4,62.3,60.8,62,61.7,63.5,65.5,64.5,
Bangladesh,,,,,,,44.6,32.6,,,,28.9,,,,,,,,47.3,,,,,,,,,,,,,,,,66.3,,,59,65.5,67.8,,,,,,,,,,
Bulgaria,,96.8,97.5,96.9,102,93.3,93.8,91.2,92,102,103,100,96.6,93.7,99.5,110,99.5,103,102,101,99.1,89.2,87.5,86,88.2,87.9,90.3,94.5,94,96.1,96.2,102,96.6,97.8,98.6,98.7,99.4,101,95.2,102,113,110,102,99,98,96.2,92,89.8,86.6,,
Bahrain,,,,,,,,,,,,,93,89.7,91.1,93.6,90.7,92.8,99.7,105,,103,101,99.7,94.6,93.9,92.1,,94.4,100,98.8,96.7,101,100,102,102,,,,,,89.5,93.2,94.5,96.6,98.7,99.5,99.5,97.9,100,
Bahamas,,,,,,,,,,,,,,,,,,,,,,,,,86.3,,,,,82.2,,,,,,102,95.8,96.4,92.3,90.5,82.4,89.7,89.3,79.2,80.1,85.2,77.4,,76.5,,
Belarus,,103,102,105,100,99.1,98.1,96.9,99.5,99.6,101,100,100,100,100,98.7,99,,,,95,94.7,90.1,96.6,98.5,96.1,95.7,95.9,,98.8,102,107,133,103,103,98.9,97.7,96.3,99.1,106,107,108,104,100,98.7,96.8,96.9,102,105,,
Belize,,,,,,,,,,,,,,,,,,,,,,,93.9,,,89.2,95.7,,,99,100,101,,97.2,97.7,98.4,97.5,99,94.9,99.7,101,104,108,102,102,104,105,103,104,103,
Bermuda,,,,,,69.9,,,,,,,,,,,,,,,,,,,,,,,,,,94.5,99,95.7,90.1,90.5,90.6,,,,103,95.6,94.8,98.2,89,91.6,,,,,
Bolivia,,,,,,,,,,,,,,,,,,,,,,,,,,,,,,,,,,,,,,,,,97.3,96.9,97.4,94.4,90.7,88.8,89.9,91.6,94.8,,
Brazil,,,,,,,,,,,,,,,,,,,,,,,,,,,,,,,,112,114,109,101,,,,,,,,,,,,,,,,
Barbados,,,,,,,,,,,,,,,,,,,,,,,,,,,,,,94.9,98.4,106,103,107,97.7,91.6,93.9,92.3,94.6,95.7,95.6,98.2,,,,,,,88.7,90.1,
Brunei,,,106,106,111,98,110,104,102,101,89.5,90.8,80.8,82.8,57.2,,124,,,,,98.5,99.7,98.2,101,99.3,,109,115,117,115,122,118,120,111,107,108,107,105,102,105,111,107,106,100,102,,107,108,100,
Bhutan,,,,,,,5.53,5.89,8.6,9.45,,,,,,,,,19.4,,,,,23.8,27.9,,,,46.1,50,51.1,51.5,,,60.2,66.1,71.1,72.6,78.4,80.8,87.3,89.1,99,96.6,96.2,,101,100,,,
Botswana,43.1,48.4,55.4,59,61.7,57.8,51.7,47.5,54.5,67,71.2,81.6,84.9,77,79.7,85.1,94.6,96.3,93.1,90.7,93.9,95,95.9,95.3,100,96.7,98.7,,99.1,96.8,96.8,99.1,99.9,99.4,98.4,97.7,102,98.3,99.5,101,,,101,101,,,,,,,
Central African Republic,,27.5,25.9,32.2,28.5,36.2,31.1,32.9,40.6,,,30.6,30.3,27.1,,,38.5,28.8,30,29.7,31.6,29.2,23.3,,,,,,,,,,,,23.8,26.1,26.1,,34.8,37.2,39.2,40.9,42.8,,,,40.9,,,,
Canada,,,,,,,,,,,,,,,,,,,,,,,,,,,,,94.7,96.1,97.8,,,,,,,,,,,,,,,,,,,,
Switzerland,,,,,,,,53,60.1,57.8,56.4,52.2,51.8,52.2,51.3,50.8,50,49.5,48.6,50,51.4,53.8,55.3,61.4,62.4,,73.1,,,95.6,96.7,98.1,98.3,98.5,99.4,97,93.9,93.4,94.4,96.1,96.2,96.7,97.4,96.9,95.6,95.8,96.8,97.2,96.2,,
Chile,79.3,86.8,91.2,92.2,90.4,90.9,93.1,90.6,,,,,,97.9,,,,,,,,,,,,,,,,,,,,,,,,,,,,95.7,98.8,98.7,98.9,97,95.5,94.8,96.2,,
China,,,,,,,,,,,,,,,,,,,,100,102,103,99.3,101,104,98.8,93.3,90.6,,,,,,,,,91.6,93.3,99.3,98.3,,,,,,,,,,,
Cote d'Ivoire,,,,39,39.5,43.7,47.6,51.1,51.9,53.8,56.5,60.4,,57.6,55.9,47.8,48.6,47.9,48.2,44.9,42.7,46.5,42.3,43.4,43.2,41.6,42.9,40.3,40.2,42.9,43.3,49.2,,,,,43.7,44.9,,45.8,,53.2,54.5,53.3,54.9,60.4,64.2,71.6,74.6,78.8,
Cameroon,,,,48.2,47.7,49.8,51.4,52.3,62.9,53.2,51.4,51.6,50.6,50.8,52.4,53.8,54,55.6,55.2,,56.3,55,,,,,,,,48.5,49.5,,,56.6,58.6,,50.9,54.1,70,69.7,71.7,70.7,74.2,,72.8,74.2,73.4,68.2,64.5,65.5,
"Congo, Dem. Rep.",,41.4,43.5,,,,53.8,56.8,60.3,,59.9,62.1,64.6,67,69.3,,,,50.4,,,52.3,48.7,56.1,47.4,,,,,34.9,,,42.7,,,,,55.4,60.5,63.1,63.6,65.6,70.9,69.8,,69.9,,,,,
"Congo, Rep.",,56.1,59.6,69.2,57.3,66.8,69.1,71.7,71.9,78.6,79.5,77.8,77.1,70.9,74.1,71.5,72.5,72.9,73.4,67.7,58.9,54.5,61.9,63.5,54.2,,49.6,,,31.4,,56.5,59.3,55.9,80.4,70.1,76,74.4,69.2,68.4,68.4,75,71.6,,,,,,,,
Colombia,47.6,50.7,51.2,54.1,54.7,,,,,,,,72.2,74.9,75.1,69.4,72.3,71.9,71.3,71,75.3,74.4,83.3,84.2,83.9,88,89.5,,95.6,96.7,96,92.8,92.8,,100,104,111,113,113,118,117,115,110,99.8,99.2,100,102,106,107,,
Comoros,,,,,,,,,,,,60.7,,,,,68.2,55,,,,,45.6,40.1,48.3,,,,,49.1,,,58.1,57.3,61.9,,,64.1,73.3,,,,,74.7,77.7,,,76.7,,,
Cape Verde,,,,,10.3,12.6,19.3,14.3,13.8,13.6,17.1,27.6,25.1,22.3,31.4,33,36.4,40.9,46.7,,60.2,,,,76.1,,,,101,,106,98.8,98.8,98.9,96.2,81.8,94.7,91.8,99.7,96.8,101,96.3,97.8,92.4,94.7,95.2,91,87.4,87.3,,
Costa Rica,74.4,74.5,84,87.9,86.8,85.1,81.3,89.1,86.5,84.2,84.9,88.3,88.7,82.2,75.1,78.2,78.5,75.5,75.7,74.9,74.3,79.1,81.1,83.1,81.7,80.5,81.9,,,83,88.3,91.3,93.5,,94.1,93.5,90.3,92.7,94.5,97.9,99.3,104,102,98.6,98.4,99.6,97.3,96.8,98.6,103,
Cuba,,67.3,59.8,66.6,76.2,80,94.1,112,121,116,107,97.9,87.4,95.6,99.7,96.2,93,95.9,94.1,95.1,93,93.4,86,83.3,96.2,96.8,97.3,,,93.8,95.5,95.9,102,98.6,96.6,97.9,95.9,94.3,89,95.8,95,95.8,94.9,93.9,98.1,97.1,92.8,89.5,84.1,86.5,
Cayman Islands,,,,,,,,,,,,,,,,,,,,,,,,,,,,,,102,102,102,99.5,,86.3,85.5,86,88.9,91.2,,,102,100,92.6,,,,,89.6,,
Cyprus,,87.8,87.4,84.6,86.6,79.1,78.7,72.2,77.6,83.6,73.1,89.3,77.8,78.4,76,58.1,61.3,68.5,78.9,78.2,78.6,83.3,82.7,101,104,99.7,97.2,98.9,,101,97.7,98,100,101,87.6,100,101,100,100,103,99.3,102,100,98.3,99.8,96.8,98.5,101,102,,
Czech Republic,,,,,,,,,,,,,,,,,,,,,,,,96.7,104,105,109,,,99.5,99.3,99.4,104,99.2,99.8,98.9,93.9,95.6,98.5,104,106,104,101,99.8,98.2,96.1,97.1,97.8,98.5,,
Germany,,,,,,,,,,,,,,,,,,,,,,,,100,96.7,96.2,96.7,98.8,,101,104,106,102,101,99.5,96.9,98.5,104,102,102,102,102,98.7,98.4,97.3,98.9,97.9,98.8,101,,
Djibouti,,,20.4,20.4,20.2,20.4,19.1,,,,,,,,,,26.3,29.1,27.4,30.5,28.5,24.5,27.5,24.7,27.9,30.2,27.6,24.8,,23.4,26.7,26.4,,,,33.6,38.3,,44.7,,,50.8,,50.7,60,65.6,67.4,63,66.4,,63
Dominica,,,,,,,,,,,,,,,,,,,100,,,,,,,,,,,126,119,118,101,94.6,95.1,93.4,84.3,86.2,82.2,79,77,86.7,97.3,96.4,101,106,114,,,,
Denmark,,95.6,92.5,93.8,92.7,94.2,101,101,108,109,102,93.3,91.3,92.2,97.8,100,97,98.4,102,97.7,95.4,97.8,97,99.3,96.8,,,,102,101,100,101,105,,101,100,102,102,101,98,99.1,99.6,98.3,99.3,98.8,98.7,104,104,101,,
Dominican Republic,,34.6,,,,,,,,,,52.4,,,,,,,,,,,,,62.5,,,,,73.2,78.8,,92.2,,88.6,,85.8,92.7,,93.8,92.7,93.1,93.5,94.2,95.3,99.5,99.2,95.3,93.1,93.3,
Algeria,,,41.6,43.6,45.9,51.5,57.7,60.9,63.5,63.3,62.8,66.7,68.1,70.6,74.9,88.4,72.6,74.6,75.6,78.5,77.4,76.6,79.9,79.6,78.9,80.4,83.6,83.8,,82.8,80.2,86.3,88.1,89.7,91.3,93.1,83.6,94.4,113,91.9,95.6,97.6,102,106,108,106,106,106,105,101,
Ecuador,,55.7,54.9,58.5,61.3,65.2,69.6,71.4,70.5,74.4,77.4,81.2,83.9,87.7,90,90.5,,93.4,94.9,,,,,,94.9,92.7,92.3,95.6,,97,97.2,97.7,97.3,96.7,96.3,100,99.8,99.1,,97.2,103,107,108,109,112,106,104,105,104,,
Egypt,,56.3,53.2,56.6,58.6,61.4,62.4,62.6,54.7,36.4,46.7,55.7,,,,,74.2,74.8,,,,,,,,,,88.9,,93,91.3,89.4,88.2,88.7,90.2,92,87.4,90.9,,93.5,96,,,101,,,96.9,97.2,101,105,
Eritrea,,,,,,,,,,,,,,,,,,,,,,,,,25.9,31.8,42.6,47.2,,45.4,48.5,49.5,49,55.2,64.3,79.4,79.7,79.3,82,88,76.3,73.3,66.1,61,,62.8,,64.2,60.3,,
Spain,,,,,,,,,,,,98.9,98.3,99,102,103,103,101,105,102,100,,,101,102,,,,,,,,,,102,,96.7,97.1,97.3,97.5,96.8,96.2,99.3,99.2,100,103,101,101,98.5,,
Estonia,,,,,,,,,,,,,,,,,,,,,,,,,,79.6,90.8,,89.4,93.4,95.7,101,103,106,102,103,95,94.8,95.5,98.7,101,101,104,104,100,98.8,96.4,97.2,96.7,,
Ethiopia,,,,,,,,,,,,,18.2,,,,,24.6,24,22.8,,,,,14.1,14,14.9,,17.2,19.8,22.3,27.7,31.6,34.9,37.7,43.5,47.2,47.3,49.5,51.4,57.7,52.5,50.3,,53.4,54.1,,,,,
Finland,,,,,,,,,,,,,,,,,,104,106,105,102,97.2,96.6,96,97.1,100,101,100,98,95.9,96.2,102,101,102,100,100,96.8,98.2,98.8,97.9,98.6,98.2,100,99.6,98.9,99,101,101,100,,
Fiji,,,90.9,96.9,96.1,,107,107,110,102,97.2,97.4,,95.5,92,93.4,95.2,,,,,,105,,103,103,102,103,103,99.6,95,97.1,102,,109,,112,,106,105,,105,106,107,,112,107,,,,
France,,93.2,92.6,,,93.6,94,93.7,94.7,94.5,95.1,,,,,,95.7,94.9,98.4,101,104,106,107,,,,,,,93.8,92.9,,,,,,,,,,,,,,,,,,,,
"Micronesia, Fed. Sts.",,,,,,,,,,,,,,,,,,,,,,,,,,,,,,,,,,,,,,,,,,,,,,,91.1,,,88.5,
Gabon,,,62.6,61.1,,84.2,88.1,80.7,80.9,82.1,81,84.8,86.6,86.4,75.3,92.4,,68.5,67.5,66,,,59.5,,,65.9,66.7,68.9,,,,,73.3,71.2,,,,,,,,,,,,,,,,,
United Kingdom,,,,,,,,,,,,,,,,,,,,,,,,,,,,,,,,,,,,,,,,,,,,,,102,101,100,101,,
Georgia,,,,,,,,,,,,,,,,,,,,,,,,,,87.3,95,98.3,,101,118,121,118,107,112,97.8,92,98.8,102,105,106,,101,104,104,103,115,114,95.5,92.8,
Ghana,,62.8,57,,51.4,52.7,55,56.7,57.6,57.4,58.3,61.6,,,,,,,,,,65.5,67.6,,,,,,,66.5,69.1,65.4,67.1,68.2,67.3,73.1,69.4,74.7,80,81.3,,88.1,93.9,94.8,93.7,98.8,,94.7,93.8,,
Gibraltar,,,,,,,,,,,,,,,,,,,,,,,,,,,,,,,,,,,,,,,,,,,,,,,94.7,92.3,,100,
Guinea,,,,,,,,17.9,19.5,,21.1,17.3,18.8,18.5,19,15.4,14.6,14.1,11.3,12.2,18.1,16.3,16.4,18.7,19.9,19.9,30.5,,25.5,29.1,31.7,33.4,37.4,37.5,47.2,53.2,57.5,57.8,50.6,56.8,56.9,,60.1,60.8,62.3,,59.7,,,,
Gambia,,20.3,22.7,22.3,21.9,23.5,22.8,18.3,23.9,24.7,27.5,27.6,31.7,35.7,42,44.2,46.8,50.8,,44,,,43.3,41.4,40.4,43.1,50.4,47.5,,67.9,66.1,66,63.4,65.8,64.4,61.3,59.5,66.3,72.4,,67.1,64,65.7,66.4,67,67.5,69.3,,,78.9,
Guinea-Bissau,,,,,,,6.93,,,15.1,11.2,16.4,17.8,14.3,13.5,,,9.82,6.54,,,,,,,,,,,,28.3,,,,,,,,,,65.1,,,,,,,,,,
Equatorial Guinea,,,,,,,,,,,,,,,,,,,,,,,,,36.4,,,,,,45,,,36.6,,43.9,,,41,43,44.4,42.5,44,,,40.8,,,,,
Greece,,98.3,96.4,94.9,94.2,95.6,97,98.6,101,102,98.8,97.2,95.5,96.1,98.2,100,105,95.6,96.6,94.5,,,96.6,,,,,,,,,,,,99.3,96.5,99.1,97.4,,,95.3,93.2,97,95.4,95.6,97.4,97.3,96.8,97.9,,
Grenada,,,,,,,96.4,98.1,89.9,92,,,,95.3,85.8,83.5,,,,,,,,,,,,,,95.5,,,96.5,107,,109,,105,120,132,123,,,109,,,,121,123,,
Guatemala,22,22.3,24.3,,,28.2,29.3,29.1,30.2,30.7,32.5,32.7,32.6,33.9,35.3,36.7,39.6,,,,,,,,,,45.5,,,50.8,55.5,58,61.6,,67.3,70.9,73.9,74.7,77.6,81.6,83.6,85.8,84.8,84.9,84.7,82.7,79.1,79.9,79.7,79.1,
Guyana,,95.8,93.2,91.6,91.9,,88.2,93.2,87.5,87.4,79.5,82.9,84.6,80.7,85.4,,,87.9,,,,,91.3,89.8,,76.6,80.2,85,,104,108,92.7,,77.5,,93.5,93.8,94,95.5,98.4,92.7,97.6,97.4,,,,,,,,
"Hong Kong, China",,,,,,,,,,,107,103,101,99.6,103,103,105,,,104,104,105,106,107,104,100,94.6,,,,,,,,,,,,,,,,101,99.1,102,105,104,103,104,107,
Honduras,,,,,,,,,,,44.5,,49.3,,53.7,,,,,,,62.3,65.6,67.5,69,68.1,69.1,69.4,70.1,,,,,77.7,,77.3,81.9,,79.6,81.1,84.9,87.5,86.8,80.9,77.2,,80.5,81.6,,79.5,
Croatia,,,,,,,,,,,,,,,,,,,,,,,,,83.6,80.3,84.7,85.9,90.9,89.5,90.9,95,98.2,97.4,,103,102,104,98.7,93.6,91.3,93.1,92.7,95,97.9,103,101,95.5,94.8,,
Haiti,,,,,,,,,,27,27.8,,29.2,31.7,,34.5,36.6,38.2,,,,,,,,,,48.5,,,,,,,,,,,,,,,,,,,,,,,
Hungary,,89.2,88.6,92.9,99.7,101,98.1,99.7,104,99.2,97.6,93.5,92.9,94.3,102,114,104,96.8,89.3,83.4,81.8,79.4,85.1,89.8,,,,97.9,98.4,96,96.4,98,99.4,96.2,94.6,93.8,98.8,95,96.6,96.8,97.1,98.7,97.5,97.7,96.5,97,98.6,105,98.8,,
Indonesia,,,51.9,53.1,50.9,49.3,48.8,53.3,56.1,,,65.5,70,75.2,84.7,94.2,96.6,95.8,96,96.2,93.3,90.3,88.7,92.1,94.6,94.5,93.5,94.1,,,,93.8,95.1,95.7,95.6,94.3,92.6,96.6,96.7,98.5,101,,103,101,103,,,101,102,,
India,,39.5,,,41.4,,,,,,,,,,,,,63,64.3,,,,,,,71.5,,,,68.7,71.5,72.2,75.6,80,,,,,94.8,95.7,,92.8,,96.2,97.6,97.7,96.2,94.4,,91.7,
Ireland,,,,,,,,,,,,,,,,,,,,,,,101,101,98.9,97.8,,,92.5,96.4,96.6,94.7,95,94.9,95.5,95,,,,,,,,97.8,99.8,98.7,99.7,98.3,97.3,,
Iran,,50.1,,,,,,,,,,,,,77.7,80.5,80.8,80.7,81.1,81.6,84.2,87.4,90.4,95.7,93.9,97.7,,95,,,90.7,96,97.5,94.4,105,106,96.4,92.2,94.4,98.1,99.5,98.8,97.2,,,98.3,100,99.4,,,
Iraq,,40.5,39.7,42.7,43.5,51.4,51.7,64.9,66.2,,73.2,,,56.7,,65.1,64,58.1,60.9,59.2,,,,59.7,,,,,,57.3,56.3,,,,79.6,,,67,,,,,,,,,,,,,
Iceland,,,,,,,,,,,,,,,,,,,,,,,,,,,,,89.4,90.5,99.8,112,106,109,98.5,98.5,96.8,95,94.8,99,98,99.9,98.2,102,98.1,96.6,100,102,99.2,,
Israel,,,,,,,,,,,,,,,,,,,,,,,,,,,,,,,,,106,106,109,105,104,105,101,105,103,102,107,103,104,110,104,106,102,,
Italy,,97.3,99.3,99.1,100,108,106,106,103,102,104,101,101,100,100,102,102,100,99.8,100,101,98,98.4,,99.7,98.3,99.1,95.8,,101,102,105,103,104,102,100,100,102,106,104,104,105,101,100,100,99.8,97.7,98.8,97.6,,
Jamaica,,,,,,,79.7,81.5,,87.7,85,86.3,,,88.9,85.5,86.5,90,92.1,94.8,95.3,92.4,,88.9,,,,,,,86.4,80.9,86.7,,86.6,,,,,,,,,,,85.8,85.9,87.5,85.6,84.6,
Jordan,,,67.3,73.5,85.7,95.5,97.6,97.7,99.4,98.4,98.8,95.7,94.2,90.4,93.3,93.8,,85.1,87.3,88.9,91.8,93.8,93.9,92.7,95.4,,91.7,,,92.1,94.5,,90.4,92.9,93.2,96.2,93.7,96.6,94.7,,,77.2,,73.8,75.2,,72.1,71.3,72.7,81.7,
Kazakhstan,,,,,,,,,,,,,,,,,,,,,,,,,106,102,,100,96.3,,93.2,95.5,96.8,98,105,106,102,98.4,102,104,107,114,108,109,115,114,110,110,110,106,
Kenya,47.9,50.2,53.4,55.1,,60,62.1,66.4,67.7,88.3,84.9,83.3,,,,,,,,,,,,,,,,,,,,,,,86.3,86.9,,,,,,,,,97.2,99.1,99.7,,,,
Kyrgyz Republic,,,,,,,,,,,,,,,,,,,,,,,,,,104,100,,,93.8,93.6,93.6,93.7,90.7,92.9,97.6,102,97.1,95.5,98,97.1,95.3,95.7,99.3,102,108,102,102,105,109,
Cambodia,,,,,,,,,,,,,,,,,,,,,,,,,,,,17.2,32.5,41.2,,51.3,59.9,66.6,77.6,86.9,89.4,90.7,85.9,83.3,85.2,87.5,93.2,94.2,96.6,95.5,92.4,89.5,88,91,
Kiribati,,,,,,,,76.8,85.9,72.6,84.5,132,123,129,127,128,126,110,109,113,102,113,112,107,109,110,121,123,,107,99,117,111,120,123,123,113,118,106,,,,,,113,,101,,,,
St. Kitts and Nevis,,,,,,,,,,,,,,,,,,,,,,,119,,,,,,,,115,115,117,104,114,113,,101,93.9,106,102,109,110,109,102,108,98.1,,,,
South Korea,,95.8,97.5,106,104,104,108,102,100,103,99.4,104,101,103,109,107,105,105,99.9,95,99,96.5,107,107,109,108,,97.1,99.1,104,103,99.7,94.8,101,99.7,97.8,99.1,101,100,102,101,103,110,103,96.2,101,98,91.4,95.4,,
Kuwait,,61.3,56.6,54.4,51.7,60.6,83.1,69,74.8,75.7,81.9,93.4,91.4,94.1,95,96.4,97.1,97.2,,,,,55.8,,78.4,71.8,101,100,,101,99.5,87.3,93.4,98.5,101,112,,106,,,97.5,99,97.9,100,,,101,95.4,91.8,84.6,
Lao,,,,,,,,,,,,,,,,,,,42,,43.3,,40.4,43.4,48.5,,56.6,59.5,63.7,69,67.4,67.5,68,67.5,67.8,70.2,73.9,76.5,78.8,81.8,85.7,91.4,95,99.3,101,101,99.7,101,97.9,92.2,
Liberia,,,,,,,,,29.3,,,,,,,,,,,,,,,,,,,,,,,,,,,,66.6,,62.9,62.1,,66.8,,,60,,,60.6,,,
Libya,,42.8,77,68.2,83.8,103,96.7,99.9,97.8,92.4,85.3,87.4,,93.6,,,,,,,,,,,,,,,,,,,,,,,,,,,,,,,,,,,,,
St. Lucia,,,,,,,,,,,,,,106,102,,,,,,124,117,,120,,,,,,,,,105,105,104,99.8,107,107,,,,,,,,,95.5,92.1,94.9,99.8,
Liechtenstein,,,,,,,,,,,,,,,,,,,,,,,,,,,,,,,,,,90.4,109,106,102,103,104,94.6,111,101,102,,92.2,106,100,90.4,107,,
Sri Lanka,63.5,,79.9,,73.1,70.9,42.4,58,74.7,77.9,85.1,93.4,87.3,86.9,90.2,89.4,90.1,90.3,,95.4,97.4,99.8,99.2,,,,,,97.3,,,107,113,105,,101,100,97.5,92.5,92.4,98.9,100,97.3,98.3,98.1,99.1,101,102,,,
Lesotho,,32.3,36,40,49.2,51.8,48.2,44.1,44.3,44.9,44.8,45.8,46.1,47.1,47.5,47.5,47.4,49.6,51.7,51.8,53.7,54.2,56.4,56.1,58,61.2,58.9,58.3,58.5,57.5,56.7,59.7,62.2,65.6,69.3,65.8,85.6,82.6,81.5,83.2,87,85.6,83.3,83,82.2,81.8,85.6,,,,
Lithuania,,,,,,,,,,,,,,,,,,,,,,,,,,93.3,97.7,99.3,,101,102,103,103,101,103,102,102,104,98.4,99.1,99.4,99.1,101,101,101,101,102,102,104,,
Luxembourg,,,,,,83,82.8,85.7,84.4,84.2,,,,82.9,,,,,,,,,,,,,,,,,,,,,,,,,,,84.3,84.4,85.8,82.2,79.7,79.2,79.1,80.3,79.6,,
Latvia,,,,,,,,,,,,,,,,,,,,,,,,,,72.9,73,87.1,,95.5,99.4,100,99.6,101,105,102,103,102,102,101,102,99.8,98.5,99.4,100,100,98.1,99.3,98.4,,
"Macao, China",,,,,,,,,,,,,,,,,,,,,115,,96.6,94.6,,,,,,101,98.3,97.7,96.7,93.1,96.5,89.4,94.6,92.9,92.9,91,92.5,93,94.1,90.1,93.3,93.9,98.2,101,101,104,
Morocco,,26.2,25.9,26.7,27.4,28.9,31.3,33.7,37.1,40,42.3,43.8,46.7,48.1,49.6,58.2,56.4,55.9,52,44.6,50.8,47.2,45.8,46.2,46.4,48,48.8,50.6,53.8,55.8,58.7,60.2,62.5,66.8,74.2,78.8,82.5,83,81.7,81.3,85.3,89.4,98,96,96.3,96.3,95,92.9,93.6,97.1,
Moldova,,,,,,,,,,,,,,,,,,,,,,,,,,95,,,,94.4,97.8,97.3,97.1,95.4,96.2,99.5,98,92.9,91.4,92.8,92,91.1,89.6,93,92,90.9,89.8,89.9,89.4,88,
Madagascar,,27,29.6,29.2,,31.7,,,,,,,,,,,,,37.5,35.4,35.1,33.8,31,31.9,29.1,28.9,29.5,,30.2,33.5,36.7,36.2,36.3,40.1,46,58.3,57.1,61.2,67.4,73.9,70.4,70.7,69.1,68,68.2,68.7,67.6,,65.5,63.3,
Maldives,,,,,,,,,,,,,,,,,,,,,,,,,,,,118,,,,,,,,135,126,,112,120,,,,,,104,107,97.4,93.2,91.7,
Mexico,,,,,,69.6,71.2,76.2,76.2,80,82.8,85.3,87.3,89.7,94.3,93.4,94.8,94.2,92.9,91.5,88.7,88,89.6,90.4,91.6,93.9,95,95.2,,95.8,96.6,97.4,99,98.9,100,101,101,102,101,99.8,100,100,106,109,111,105,104,104,102,,
Marshall Islands,,,,,,,,,,,,,,,,,,,,,,,,,,,,,,90,,,109,96.9,,103,107,104,99.5,94.7,,86.9,,,,,70.9,,,77.3,
North Macedonia,,,,,,,,,,,,,,,,,,,,,,,,94.7,94.7,93.2,95.7,96.4,100,99.6,96.2,94.9,96.2,92.7,91.8,93.2,91.7,91.6,91.8,91.7,,,,89.7,90.1,91.3,,91.1,93.4,,
Mali,,10.1,9.23,9.61,10.4,,11.5,13.8,12.9,13.6,12.1,11.6,,11.8,11.3,10.7,9.8,9.73,9.41,,,,,,,,,,,,31.1,35.1,36,39.1,40.9,42.3,47.3,50.3,52.9,54.5,57.6,58.3,54.6,54.3,53.2,50.9,51,49.6,,,
Malta,,109,112,106,107,94,73.2,95.7,91.2,101,105,118,105,101,97.3,104,105,110,101,103,102,99.3,102,105,104,100,101,99.3,101,104,107,106,106,103,100,96.1,100,97.9,101,95.1,99.8,101,94.6,98,103,100,102,102,104,,
Myanmar,,35.5,33.7,41.5,39.1,,,,,,,,,,,,,,,,,,,,,,,,,70.4,76.5,75.7,76.7,78.8,80.7,,84.8,84.9,85.7,84.6,84.9,,,,,,,,95.4,,
Montenegro,,,,,,,,,,,,,,,,,,,,,,,,,,,,,,,,,,,,,,,,,,76,99.6,,,94.3,90.4,90.3,94.5,97.4,
Mongolia,,,,,,,,,95.7,99.9,99.4,,,98,,,,,,,,,,,,74.7,79.6,77.1,88.6,86.8,86.9,92,99.4,101,97.8,96.2,,,,,,,,,,98.1,93,91.5,102,,
Mozambique,,,,8.55,,,,,,,,,36.7,28.7,34,34.4,46.1,34.6,27.3,26.9,28.1,28.2,26.2,25.8,26,26.4,,,,14.4,16.6,19.4,22.8,,29.8,41.8,41.3,45.4,58.1,55.3,59,54.9,52,49.5,48.8,49,,47.1,52,54.7,
Mauritania,,,,,,,10.1,10.3,11.8,15.7,18.8,25.1,,28.8,,29.7,32,32.7,38.1,33.9,28.6,32.1,30.9,32.3,31.9,32.7,33.5,37.7,43.1,44.3,,44.8,42.8,,,43.5,44.6,56.3,,69.2,,,70.4,72.6,69.7,70.4,,69.7,76.1,72.9,
Mauritius,,,,,,,,,,,,,,86.3,80.8,93.4,125,100,103,68,114,114,110,102,97.5,95.9,93.9,93.8,97.4,103,103,102,98.3,99.2,96,97.5,95,97.4,97.1,94.8,99.3,98.4,95.6,97.3,96.9,100,101,98.2,101,98.5,
Malawi,,,,,20.4,21.7,23.8,28.2,29.2,31.1,31.7,34.2,33.8,33.7,32.2,33.4,32.7,32.7,26.6,27.7,30.3,33.8,37.5,39.9,42.3,54.8,63.5,,,64.4,63.5,65.1,68.6,,60.6,60.4,59.9,60.6,65.3,66.8,69.2,71.6,74.8,80,80,,,,,80.3,
Malaysia,,,,,83.3,,,,,,94.9,92,92.1,95.7,94.8,93.5,,93,93.5,91.2,89.3,90.8,,94.1,,,,,97.4,95.1,101,,92.8,93.6,98.2,104,99.9,97.9,98.9,99.6,97.3,100,107,103,102,102,100,99.5,,,
Namibia,,,,,,,,,,,,,,,,,,,,,,,73,,70.3,67.7,75.6,,94.2,93,89.4,92.7,92.2,93.5,86.7,87.7,85.1,,81.7,87.7,84.5,,90.4,93,,,,,94.1,,
Niger,,5.31,6.46,6.55,6.48,6.86,7.51,8.4,10.2,10.7,13.7,14.6,16.9,18.3,20,19.6,21.7,22.7,,14.9,16.3,17.4,18.2,16.1,,13.5,13.9,17.8,18.8,19.4,18.4,19.4,21.1,20.5,26.6,29.4,32.2,38.9,37.4,39.7,39.7,44.4,47.8,47.7,57.6,,71.6,,,62.3,
Nigeria,,,,,,,,,,,,,,,,,,,,,,,,,,,,,,,82.2,,,,80,83.1,91.1,81,69.8,73.8,73.8,,,,,,,,,,
Nicaragua,25.6,29,29.3,31.7,29.8,,,34.6,34.4,30.5,34.3,,31.2,30.8,29.2,31.4,38.4,47.4,48,41.7,39.2,42.1,44.3,48.5,53.7,49.3,,,,66.7,65.8,66.9,74.7,74.5,75.5,79.2,79.8,80.7,80.2,,84.9,,,,,,,,,,
Netherlands,,98,95.9,95.7,94.6,94.4,94.7,93.8,92.6,92.1,92.8,97.5,99.5,98.9,97.1,92.7,,,,,,,,,,,,,,,,,,,,,,,,,,,,,,,,,,,
Norway,,99,99.3,97.6,98,99.5,99.9,102,102,101,98.9,99.7,101,,100,99.8,97.3,98.1,96.3,95,95.1,99.9,101,100,,,,,97.7,97.6,97.9,102,103,104,103,100,97.6,97.8,99.2,101,99.4,97.7,99.8,101,98.3,98,101,101,99.1,,
Nepal,,,,,,,,,,,,,,,,,,,46.5,,,52,57.1,,,,,,,64,66.7,66.5,71.6,72.6,72.8,76.2,77,,77.8,,,,104,106,109,112,117,122,,120,
Nauru,,,,,,,,,,,,,,,,,,,,,,,,,,,,,,,,101,,,,,,97.7,,,,,97.6,,118,,131,,,117,
New Zealand,102,104,106,105,102,99.9,99.2,101,102,103,,,,,,,,,,,,,,,,,,,,,,,,,,,,,,,,,,,,,,,,,
Oman,,,,,1.52,4.24,7.62,16.8,18.3,23.8,,,,36.4,42.7,41.8,45.5,48,54.8,61.9,65.1,,73.9,,71.8,74.2,76.9,79.3,81.5,83.9,82.9,84.4,87.5,89.4,,,,,,96.4,,97.1,101,96.1,104,99.8,104,107,100,101,
Pakistan,,,,,,,,,,,,,,,,,,,,,,,,,,,,,,,,,,,,60.2,59.2,59.2,59,59.4,62.3,60.4,63.5,63.7,64.5,,65,,71.1,73.3,
Panama,64.3,68.6,72.6,78.4,81.1,84.7,97.9,94.3,91.6,90.4,85.8,83.8,82,83.1,79.2,80.6,80.8,81.1,79.5,80.8,,,,,,,,,,89.8,92.1,92.3,92.8,,93.4,93,90.4,94.6,97.7,97.7,93.9,98.5,101,99.6,96.8,,,89.8,,,
Peru,62.2,,,63.7,66.9,68.2,74.3,80.8,79.8,79.8,78.2,76.6,,,,80.6,,,,,,,,84.8,,85,,,93.2,98,96.8,92.9,92.8,97.5,97.2,97.4,99.5,102,102,99.4,101,99.4,94.8,96.8,97.9,100,105,97.4,96.1,98.7,
Philippines,,,,,,,,,,,,85.8,,90,90.8,89.2,87,86.3,85.7,87.2,89.3,,,,,,,,84.7,86.5,,100,94.5,95,93.7,93.5,91.1,90.9,91.8,91.5,,,,,98.6,,,109,115,,
Palau,,,,,,,,,,,,,,,,,,,,,,,,,,,,,,,95.2,,,,104,,,,,,,,,113,100,,,,,,
Papua New Guinea,,,,,,,,,,,,,,,,,,41.3,43.4,43,41.5,39.6,40.2,,45.5,45.4,46.6,45.1,46.3,,50,50.9,52.4,54.4,,,,,,,,,,,72.7,,77.1,,,,
Poland,,94.3,93,92.2,95.4,97.1,101,100,98.5,96.8,96,94.3,94,94.9,93.8,95.8,97.2,98.8,100,101,97.8,96.1,97.2,99.2,95.7,95.2,98,99.1,97.4,96.6,95.7,97.5,97.1,97.9,98,94.6,93.4,93.1,,92.9,93.5,93.6,94.7,96.6,96.9,100,102,106,94.3,,
Puerto Rico,,,,,,,,,,,,,,,,,,,,,,,,,,,,,,,,,,,,,,,,,,,,,,78.8,,,69.9,,
North Korea,,,,,,,,,,,,,,,,,,,,,,,,,,,,,,,,,,,,,,,,97.3,,,,,,,,,,,
Portugal,,,56.2,59.9,66,72.4,66.5,,,,,,,,,,,,,,,,,,,,,,,,,,,,,,,,,,,,,,,,,,99.6,,
Paraguay,43.6,45.5,44.2,47.4,48.5,48.8,49.9,51.5,52.2,,54.5,57.5,59.6,62.6,64.4,66.2,64.7,64.9,64.3,64.1,65.2,68.8,70,76.1,76.1,77.8,81.8,,91.4,88.2,91,91.1,92.8,95.3,94,94.4,93.2,93.8,93.5,93.1,91.7,88.8,88,,,,,,,,
Palestine,,,,,,,,,,,,,,,,,,,,,,,,,,87.5,87,86.2,,94.2,94.1,95.7,92.9,97.4,90.4,93,,86.1,87.8,89.8,95,91.8,92.2,96,100,99.1,97.1,99.8,96.9,96.3,
Qatar,,61.5,64.5,65.1,62.8,67.9,75,74.1,89.6,88.1,86.4,81.6,89.8,,86.4,85,81,69.5,74.6,74.2,73.3,73.7,66,64.6,64.2,59.3,50.9,,90.2,93.9,,,,100,,94,89.6,104,106,102,,95.5,,96.4,92,92.6,94.7,95.7,95.8,95,
Romania,,,,,,,,,,,,,,,,,,,,,90.2,,,80.3,,88.1,88.5,92.6,,92.4,93.3,92.7,89.3,94.1,99.4,104,99.7,,93,94.7,96.6,99.9,97.3,,,95.2,91.9,,85.2,,
Russia,,,,,,,,,,,,,,,,,,,,,,,,,94.1,92.1,,,,90.3,90.4,92.3,,,,,,90.7,93.3,98.4,,97.1,97.7,100,99.9,100,96.1,,102,,
Rwanda,,21,22.8,25.3,26.6,28.3,,30.3,27.8,,37.5,48.5,47.5,45.7,46.6,47.5,43.7,42.9,43.3,43.4,42.5,42.9,46.2,,,,,,,31.9,25.1,26.4,32.1,41.7,40.8,,,,51.3,69.4,71.9,,71.2,69.1,63,63.4,69.1,78.2,86.5,97.4,
Saudi Arabia,,,,,,,,,,39.8,,,,,,,,,,,,,,,,,,,,,,,,,,86.1,,93.3,96.9,,,102,107,111,122,108,103,103,96.7,96.2,
Sudan,,,,,,,,,,,,,,,,,,,,,,,,,,,,,,,,,,,,,,,,,61.1,,57.5,58.1,58.2,59.2,59.8,61.7,,,
Senegal,,26.6,26.6,26.8,,,,,30.9,32.4,30.3,31.9,32.4,33.7,34.6,34.7,37.4,,42.5,43.3,42.7,,39.6,,38.4,,39.5,40,42.5,42.3,39,43.7,46.3,46.4,47.4,52.2,49.2,50.6,57.5,57.9,57.2,60.6,60.1,60.7,61.3,59.7,,,,61.2,
Singapore,,,,,,,,,,,,,,,,,,,,,,,,,,,,,,,,,,,,,,,,,,,,,,,99.8,99.3,99.9,,
Solomon Islands,,,,,,44.1,,,,,67.5,62,55.4,52.9,48.9,,52.7,,,,60.1,71.7,68.9,70.1,72.5,,,,,,,,,,,,,,,,84.9,85.6,85.1,85.7,86.5,88.1,88.3,88,86.8,,
Sierra Leone,,,,,,,,,22.6,,,,25.8,25.8,,,,,,,,,,,,,,,,,,,,,,,,74.3,,,,67.9,64.2,63,,59.8,68.3,70.2,81.8,83.2,
El Salvador,,40.6,44.3,49.8,51.3,51.1,50.3,51.6,,,,46.4,49.3,50.5,48.6,,,61.6,65.2,63,,66.2,67.7,70.5,,72.6,77.8,,81.4,,91,89.8,88.5,87.9,,89.1,89,93.3,94.7,97.5,99.7,103,103,102,100,96.3,93,90.4,86.6,,
San Marino,,77.4,90.4,89.6,,,,,,,,,,114,110,109,101,100,86.5,90.3,80.9,85.5,81.9,93.3,100,,,,,,84.8,,,,84.2,,,,110,113,121,108,121,,,,,,107,114,
Serbia,,,,,,,,,,,,,,,,,,,,,,,,,,,,,,,,,,,,,,101,104,96.4,96.4,104,98,98.9,102,101,98.8,99,98.7,98.7,
South Sudan,,,,,,,,,,,,,,,,,,,,,,,,,,,,,,,,,,,,,,,,,,27.4,,,,,,,,,
Sao Tome and Principe,,,,,,,,51.1,,,57,85,110,112,109,98.6,,52.9,66.4,,71.9,,,,,,,,,43.9,,,54.9,55.3,70,73.5,,71.2,73.9,81.7,81.8,108,,94.7,85.5,,77.5,84.3,,,
Suriname,,,,,,,74,83.6,76.6,80.7,,82.6,89.6,95.1,93.2,89.7,,85.8,83.7,90,,,,,,,,,,,,,,,,72.3,80.1,69.7,81.7,84.2,87.1,86.4,86.7,85.9,89.1,89.6,88,85.3,85.1,85.9,
Slovak Republic,,,,,,,,,,,,,,,,,,,,,,,96.1,96.2,98.3,98.3,96.8,95.7,98,97.5,96.3,100,97.5,98.4,96.9,92.7,93.2,95,97.4,99.1,99.1,96.1,93.2,94.6,96.3,96,92.4,91.9,92.2,,
Slovenia,,,,,,,,,,,,,,,,,,,,,,,,93.1,92.4,93.8,93.5,95,99.3,99.4,96.4,96.6,96.8,102,,,,,97,96.1,97.2,96.3,102,99.3,100,98.1,97.9,95.7,97.4,,
Sweden,,94.7,94.3,90.9,91.3,92.8,96.8,104,104,105,103,96.5,92,93.4,98,,,101,98.3,96.2,96.5,96.3,101,106,104,,,,,100,99.6,102,103,106,104,100,95.6,95.1,94.3,93.2,96.7,101,103,102,101,104,105,105,104,,
Eswatini,44,42.1,43.2,51.6,56.7,59,60.2,59.8,58.5,57.6,57.4,59.8,60.1,61.2,60.2,60,61.4,60.8,63.1,60.5,61.1,58.9,58.4,58.5,59.2,61.1,60.6,63.9,67.9,66.8,69.7,67,69.5,66.4,68.2,70.6,72,80.5,,79.1,83.2,83.8,84.7,86,84.5,89.1,95.1,95.8,94.5,,
Sint Maarten (Dutch part),,,,,,,,,,,,,,,,,,,,,,,,,,,,,,,,,,,,,,,,,,,92,,123,,,,,,
Seychelles,84.3,95.1,104,,99.4,98.5,103,98,103,,98,92,93.6,102,96.1,94.6,111,102,88.3,90.6,,102,97.7,97.1,95.8,,,102,98.4,100,98.9,106,106,107,104,115,,112,112,107,111,110,105,105,111,109,113,102,102,98.8,
Syria,,55.2,59.1,59.3,63.8,67.9,72,75.4,77.8,74.8,73.2,74.6,79.1,81.1,82.3,84.9,86.6,87,86.9,89.7,89.9,91.5,95.8,88,90.2,89.6,91.4,91.3,91.2,91.8,91.2,92.7,95,106,107,109,109,106,104,103,103,107,114,72.3,,,,,,,
Turks and Caicos Islands,,,,,,,,,,,,,,,,,,,,,,,,,67.5,,,68.6,,,97.1,104,95,,88.8,88.1,,,,95.9,,,,,59.6,53.7,,,129,,
Chad,,15.3,,,12.9,,11.8,11.1,,,,,,,,,,,11.6,12.9,16.5,18.1,,,18.1,14.3,14.9,15.5,,20,22.1,24.4,27.1,31.9,33.5,30.1,29.6,,,31.1,30.9,33.9,34.4,37.7,,37.5,41.3,37.9,40.6,,
Togo,,25.3,30.6,,,,42.7,,52.3,51.8,53.4,50.1,47.7,46.7,40.3,33.9,33.7,32.4,37.6,30.4,36.4,36.4,37.1,,28.4,40.4,47,,,57.3,66.6,73.9,,74.7,76.7,76,75.5,,67.1,66.1,70.4,71.9,75.1,78.3,84.2,,92.7,91.6,89.7,87.4,
Thailand,,,,,,37.5,39.6,39.9,41,,,71.4,,,,,,,,,,,,,,,,,,88.5,84.9,86.9,,,,,,,,,,,,,,,,93.5,93.4,94.4,
Tajikistan,,,,,,,,,,,,,,,,,,,,,,,,,,97.9,,71.4,,91.9,92.6,96.8,97.4,95,91.4,101,105,94.1,96.2,98.9,102,103,98.2,,99.5,101,95.4,94.9,,,
Timor-Leste,,,,,,,,,,,,,,,,,,,,,,,,,,,,,,,,,,,,,,,89.1,78.7,75.1,78.8,83.3,89,93.4,100,99.3,99.9,104,105,
Tonga,,,,,,,,82,92.8,112,,130,118,,117,96,102,,,,128,97.1,,111,,,,,108,107,,105,,,,108,103,,,,,,104,116,,,,,,,
Trinidad and Tobago,,,,,,,,,,,,,113,,,95.1,,,96.6,,,99.8,99.2,97.3,,,87.8,89.8,,100,93.4,86.7,,89.3,95,91.9,,95.8,93.5,95.8,94.9,,,,,,,,,,
Tunisia,,56.9,53.9,60,60.7,66.4,65,67.4,70.9,59.5,61.4,81.6,62.9,63.5,67.1,67.6,70.7,72,71.7,76.4,81.1,75,69.5,73.8,80.2,90,87.1,89.3,,87.5,86.6,87.9,93.2,97,100,103,,103,92.2,88.6,99,,,96.8,99.7,103,99,95.1,,,
Turkey,,,,,,,,,,,,,,,89,91.1,96.3,95.9,108,94.1,94.9,96.9,103,96,95.9,94,,,,,,,,,98.2,103,98.9,97.3,98.7,98.7,99,101,99.8,,91.4,92.2,,89.7,88.5,,
Tuvalu,,,,,,,,,,,,,,,,,,,,,76.6,,,106,83.8,,,,86.2,,,109,95.4,105,113,122,113,,,,,,,,87,91.7,84.8,,78.7,,
Tanzania,,20,24.8,28,31.7,35.5,39.1,,,,,76.9,87.7,93.9,123,80.1,71.7,69,63.2,47.9,,63.2,55.8,58.8,56.5,,,59.5,49.4,58.5,50.5,55.9,59.8,,58.2,54.9,71.9,82.7,,104,91,,82.1,76.7,,,61.6,,68.7,68,
Uganda,,,,,,40,40.1,,,42.1,,,43,,,,38.8,,,,,,,,,,,,,,,60.4,62.6,62.3,58.7,57.5,,53.5,58.4,75.1,57.2,55.1,56.4,56.5,59.9,,54.7,52.7,,,
Ukraine,,103,98.8,98.8,96.8,,98.3,99.3,100,100,102,,101,96.4,96.4,95.6,,,94.3,,100,102,93.9,97.8,95.1,,,,102,99.7,96.1,99.4,101,,,118,104,100,97.6,94.5,96.2,96.5,97.5,103,103,,,,,,
Uruguay,66.4,69.5,68.9,71.5,68.1,,69.4,70.2,69.2,70.5,72.6,,,,,87,88.1,91.9,92.2,93,94.6,95,92.8,94.5,94.8,94.3,94.4,95.8,95.9,96.2,97.3,95.4,94.9,91.8,92.2,95.4,99.7,104,107,106,105,104,103,103,104,104,105,98.7,103,,
United States,,,,,,,,,,,,,,,,,,,,,,,,,,,,,,,,,,,,,,,,,,,,,,,,98.8,100,,
Uzbekistan,,,,,,,,,,,,,,,,,,,,,,,,,,99.8,,,,96.5,95.8,101,102,96.7,94.9,96.7,98.6,96.6,95.2,92.3,91.9,92.6,93,96.6,96.3,98.2,96.8,98.4,103,106,
St. Vincent and the Grenadines,,,,,,,,,,,,,,,,,,,,,,,,,,,,,,,,,,93,102,,,,109,,93.8,88.3,102,111,103,99.4,98.7,92.7,106,,
Venezuela,,59.8,63,66.5,67.9,70,69.5,69.5,69.4,68.9,71.9,73.8,77.4,77.6,76.6,77.9,78.5,78.3,78.4,78.8,78.8,81.6,85.3,84.8,,,81.7,81.7,,82.1,83.9,85.3,92,89.7,89.7,91.5,95.3,97.3,95,95.1,93.9,95.2,96.3,96.1,96.8,96.1,94.1,92.6,,,
British Virgin Islands,,,,,,,,,,,,,,,,93.6,,,,,,,,,126,,,,,,111,,110,103,113,108,108,89.9,,82.8,,87.2,90.8,93.9,82.6,95.1,90.6,95.5,79.6,,
Vietnam,,,,,,,,,,81.5,,,,,,,,,,,,,,,,,,,,99.7,99.8,105,102,101,,93.8,97.4,,,,,103,103,100,107,105,106,,110,,
Vanuatu,,,,,,,,,,,,,,,,,,,,,,,83.7,,75,,,,94.3,,92.1,106,,,90.8,,,83.7,81.1,84.4,83.6,,,91.7,,,,,,,
Samoa,,,,,,,,,,,,,,,,,,,,,,,,,95.1,94.3,93,99,97.6,95.1,94,92.2,96.8,100,98.4,106,106,110,,104,106,106,106,,108,110,111,107,105,109,
Yemen,,,,,,,,,,,,,,,,,,,,,,,,,,,,,,56,,58.9,57.9,61,60,59.8,,,63.4,,65.4,,69.8,69.7,,,72.3,,,,
South Africa,,,,,,,,,,,,,,,,,,,,,,77.1,,,,,,,84.9,80,81,,86.3,90.6,95.7,,,,,,,,,,,90.1,87.3,,90.3,,
Zambia,,,66.6,68.3,72,73.4,74,76.3,81.2,80.5,81.3,82.1,84,85.9,91,,89,,,,,,,,,,,,63.7,61.5,59,,58.9,,70,81.2,82.8,86.9,91,85.2,98,,88,80,,,,,,,
Zimbabwe,,,,,,,,,,,,,,,81.1,,,,,,,,,,,,,,,93.2,,93.2,88.4,87.8,,,,,,,,,97.1,98.5,,,,,,,
